DATE,TOTAL_POINTS
2019-01-01,69203360
2019-01-02,149109493
2019-01-03,148322195
2019-01-04,172885261
2019-01-05,184846872
2019-01-06,107200223
2019-01-07,106866405
2019-01-08,97504488
2019-01-09,95650297
2019-01-10,110221091
2019-01-11,133719650
2019-01-12,152361306
2019-01-13,92558110
2019-01-14,88887811
2019-01-15,83131889
2019-01-16,83362450
2019-01-17,92458246
2019-01-18,112735241
2019-01-19,135473763
2019-01-20,82717926
2019-01-21,81782726
2019-01-22,73775014
2019-01-23,72611188
2019-01-24,81876753
2019-01-25,99296933
2019-01-26,112908309
2019-01-27,70917278
2019-01-28,75401317
2019-01-29,67585908
2019-01-30,65274730
2019-01-31,73556906
2019-02-01,74538932
2019-02-02,101040846
2019-02-03,64773072
2019-02-04,68678623
2019-02-05,64098898
2019-02-06,65637710
2019-02-07,72625379
2019-02-08,81528739
2019-02-09,99336946
2019-02-10,63819458
2019-02-11,66987394
2019-02-12,70116462
2019-02-13,74845556
2019-02-14,75253671
2019-02-15,81539227
2019-02-16,97691322
2019-02-17,61318596
2019-02-18,70359162
2019-02-19,62275847
2019-02-20,64742613
2019-02-21,68345050
2019-02-22,82580004
2019-02-23,94295341
2019-02-24,58958535
2019-02-25,65438875
2019-02-26,57144421
2019-02-27,57421080
2019-02-28,64213940
2019-03-01,76322982
2019-03-02,91453505
2019-03-03,60168651
2019-03-04,63660692
2019-03-05,61357751
2019-03-06,60664661
2019-03-07,65791407
2019-03-08,78267062
2019-03-09,89608554
2019-03-10,59478485
2019-03-11,63816302
2019-03-12,57538984
2019-03-13,58176588
2019-03-14,67164958
2019-03-15,75098558
2019-03-16,87004106
2019-03-17,55606590
2019-03-18,62527976
2019-03-19,59765428
2019-03-20,59015038
2019-03-21,65344367
2019-03-22,75689037
2019-03-23,86085658
2019-03-24,58430309
2019-03-25,60679029
2019-03-26,58502236
2019-03-27,59288678
2019-03-28,63555831
2019-03-29,73740325
2019-03-30,88541933
2019-03-31,47171858
2019-04-01,67559944
2019-04-02,67416106
2019-04-03,63247765
2019-04-04,68292770
2019-04-05,79199113
2019-04-06,86927053
2019-04-07,57891033
2019-04-08,66629150
2019-04-09,61568302
2019-04-10,65302600
2019-04-11,76045706
2019-04-12,88463226
2019-04-13,99583236
2019-04-14,63534655
2019-04-15,77110268
2019-04-16,88983622
2019-04-17,94373362
2019-04-18,119222683
2019-04-19,119749498
2019-04-20,122793754
2019-04-21,14968794
2019-04-22,83890154
2019-04-23,70403554
2019-04-24,63648298
2019-04-25,66513549
2019-04-26,74642191
2019-04-27,86968294
2019-04-28,53442933
2019-04-29,59567248
2019-04-30,57754373
2019-05-01,59691398
2019-05-02,66718609
2019-05-03,76350006
2019-05-04,89569558
2019-05-05,53851947
2019-05-06,66664890
2019-05-07,62979577
2019-05-08,59018990
2019-05-09,66355688
2019-05-10,76357189
2019-05-11,87344355
2019-05-12,52865996
2019-05-13,62951525
2019-05-14,59813992
2019-05-15,63432162
2019-05-16,69435676
2019-05-17,79465242
2019-05-18,91109173
2019-05-19,58166018
2019-05-20,63755258
2019-05-21,60218751
2019-05-22,65694425
2019-05-23,75661680
2019-05-24,95361378
2019-05-25,104448385
2019-05-26,67554569
2019-05-27,87102417
2019-05-28,93782910
2019-05-29,82032669
2019-05-30,86009146
2019-05-31,96389980
2019-06-01,100508294
2019-06-02,67052176
2019-06-03,73488042
2019-06-04,63791599
2019-06-05,68213439
2019-06-06,70479654
2019-06-07,82609996
2019-06-08,97650544
2019-06-09,60963122
2019-06-10,68805913
2019-06-11,66166347
2019-06-12,67099458
2019-06-13,75326198
2019-06-14,89231624
2019-06-15,103926232
2019-06-16,64601724
2019-06-17,66226780
2019-06-18,63384944
2019-06-19,69345055
2019-06-20,75548404
2019-06-21,89347535
2019-06-22,97127163
2019-06-23,66005530
2019-06-24,74224740
2019-06-25,71432911
2019-06-26,71917204
2019-06-27,292428
2019-06-28,87658662
2019-06-29,89770068
2019-06-30,61152633
2019-07-01,69551699
2019-07-02,64751248
2019-07-03,68087042
2019-07-04,75495541
2019-07-05,88549068
2019-07-06,99508730
2019-07-07,67233038
2019-07-08,74672092
2019-07-09,68778325
2019-07-10,70723098
2019-07-11,76678856
2019-07-12,87537378
2019-07-13,96853204
2019-07-14,60229390
2019-07-15,75961492
2019-07-16,70649996
2019-07-17,72431595
2019-07-18,83816645
2019-07-19,95984582
2019-07-20,106713078
2019-07-21,69250046
2019-07-22,85418658
2019-07-23,74673980
2019-07-24,74046484
2019-07-25,75254968
2019-07-26,88920265
2019-07-27,95844022
2019-07-28,63818744
2019-07-29,71521669
2019-07-30,65885725
2019-07-31,68433248
2019-08-01,71083212
2019-08-02,80140260
2019-08-03,84858006
2019-08-04,54218114
2019-08-05,69302954
2019-08-06,67968504
2019-08-07,66442270
2019-08-08,70797122
2019-08-09,83571129
2019-08-10,91015703
2019-08-11,59112284
2019-08-12,69430725
2019-08-13,74049048
2019-08-14,72004378
2019-08-15,76821158
2019-08-16,88953882
2019-08-17,98466906
2019-08-18,65399978
2019-08-19,79033790
2019-08-20,70713152
2019-08-21,69270138
2019-08-22,77365892
2019-08-23,86594260
2019-08-24,88424798
2019-08-25,54233994
2019-08-26,65518962
2019-08-27,63407765
2019-08-28,63618378
2019-08-29,69408410
2019-08-30,77064618
2019-08-31,90646404
2019-09-01,57477753
2019-09-02,67033638
2019-09-03,60350345
2019-09-04,61038994
2019-09-05,66107700
2019-09-06,77665529
2019-09-07,87693463
2019-09-08,55869008
2019-09-09,61835218
2019-09-10,58797345
2019-09-11,60199140
2019-09-12,61959840
2019-09-13,71633086
2019-09-14,79608754
2019-09-15,54021598
2019-09-16,60362946
2019-09-17,59351607
2019-09-18,57746440
2019-09-19,63474009
2019-09-20,72782682
2019-09-21,79267322
2019-09-22,55843274
2019-09-23,58598837
2019-09-24,54954110
2019-09-25,61759469
2019-09-26,63571244
2019-09-27,77364083
2019-09-28,84602176
2019-09-29,57294626
2019-09-30,59887415
2019-10-01,55649942
2019-10-02,52622895
2019-10-03,58006449
2019-10-04,67864889
2019-10-05,76378744
2019-10-06,53032118
2019-10-07,56891526
2019-10-08,52973389
2019-10-09,54394410
2019-10-10,61553468
2019-10-11,70581997
2019-10-12,84380426
2019-10-13,56414520
2019-10-14,59077985
2019-10-15,57703328
2019-10-16,82704091
2019-10-17,70528602
2019-10-18,77484255
2019-10-19,93353980
2019-10-20,78316303
2019-10-21,86615118
2019-10-22,73005594
2019-10-23,72070939
2019-10-24,76794315
2019-10-25,95998194
2019-10-26,97471185
2019-10-27,64098822
2019-10-28,73484407
2019-10-29,65521930
2019-10-30,215392810
2019-10-31,205931233
2019-11-01,188579312
2019-11-02,180455672
2019-11-03,165499332
2019-11-04,197166841
2019-11-05,188693117
2019-11-06,66378322
2019-11-07,72821538
2019-11-08,90378252
2019-11-09,101935501
2019-11-10,65281726
2019-11-11,75885197
2019-11-12,71677958
2019-11-13,858616576
2019-11-14,451660692
2019-11-15,478602034
2019-11-16,489266390
2019-11-17,358112286
2019-11-18,413272189
2019-11-19,366847868
2019-11-20,83598032
2019-11-21,94241394
2019-11-22,126407688
2019-11-23,140224200
2019-11-24,95291302
2019-11-25,117967233
2019-11-26,128809179
2019-11-27,132678607
2019-11-28,152634306
2019-11-29,207085628
2019-11-30,194476206
2019-12-01,132781961
2019-12-02,176614475
2019-12-03,161173982
2019-12-04,168244498
2019-12-05,197046199
2019-12-06,230907246
2019-12-07,234634416
2019-12-08,163141151
2019-12-09,213341384
2019-12-10,215718551
2019-12-11,266222559
2019-12-12,327996046
2019-12-13,401855905
2019-12-14,446438211
2019-12-15,300946829
2019-12-16,390785153
2019-12-17,419783512
2019-12-18,498424552
2019-12-19,765528406
2019-12-20,1143546922
2019-12-21,1301867326
2019-12-22,1025523760
2019-12-23,1892478777
2019-12-24,579063476
2019-12-25,5494186
2019-12-26,94300502
2019-12-27,210726191
2019-12-28,232146197
2019-12-29,145907016
2019-12-30,254147054
2019-12-31,207356184
2020-01-01,67708972
2020-01-02,154804830
2020-01-03,171496152
2020-01-04,176307238
2020-01-05,103748191
2020-01-06,108007000
2020-01-07,98857069
2020-01-08,98284551
2020-01-09,109165585
2020-01-10,128535735
2020-01-11,145347734
2020-01-12,89959465
2020-01-13,86751190
2020-01-14,78286738
2020-01-15,81092457
2020-01-16,86160010
2020-01-17,107358787
2020-01-18,123758101
2020-01-19,73031130
2020-01-20,70897445
2020-01-21,68597279
2020-01-22,74166216
2020-01-23,81735529
2020-01-24,95466619
2020-01-25,108527435
2020-01-26,68415184
2020-01-27,69613378
2020-01-28,66561178
2020-01-29,67426144
2020-01-30,72989471
2020-01-31,84537030
2020-02-01,94981328
2020-02-02,61185238
2020-02-03,63183015
2020-02-04,62206801
2020-02-05,64598584
2020-02-06,69999207
2020-02-07,79995126
2020-02-08,89696722
2020-02-09,51973338
2020-02-10,62115343
2020-02-11,66296021
2020-02-12,75761103
2020-02-13,85191905
2020-02-14,96850380
2020-02-15,98525426
2020-02-16,62031912
2020-02-17,72263052
2020-02-18,63456617
2020-02-19,65394183
2020-02-20,72112437
2020-02-21,84628326
2020-02-22,95528132
2020-02-23,60939949
2020-02-24,66557446
2020-02-25,63808410
2020-02-26,64869982
2020-02-27,69162044
2020-02-28,79157898
2020-02-29,92915198
2020-03-01,59514030
2020-03-02,65933016
2020-03-03,66205441
2020-03-04,68438135
2020-03-05,72503285
2020-03-06,85242959
2020-03-07,90763862
2020-03-08,61959000
2020-03-09,69670828
2020-03-10,67631783
2020-03-11,67277550
2020-03-12,81560833
2020-03-13,93373052
2020-03-14,106601460
2020-03-15,70528619
2020-03-16,88925316
2020-03-17,90858466
2020-03-18,85295506
2020-03-19,87963685
2020-03-20,74311866
2020-03-21,77133914
2020-03-22,42699936
2020-03-23,54598178
2020-03-24,36409496
2020-03-25,35946179
2020-03-26,35453518
2020-03-27,38007430
2020-03-28,37498436
2020-03-29,23822492
2020-03-30,32926118
2020-03-31,32217648
2020-04-01,33831933
2020-04-02,35344122
2020-04-03,39882108
2020-04-04,40660816
2020-04-05,26911082
2020-04-06,35996042
2020-04-07,37470778
2020-04-08,42007968
2020-04-09,51928931
2020-04-10,69771746
2020-04-11,46808158
2020-04-12,18261854
2020-04-13,39528517
2020-04-14,60906472
2020-04-15,80095451
2020-04-16,57790188
2020-04-17,54263036
2020-04-18,51283592
2020-04-19,32177972
2020-04-20,44261892
2020-04-21,44599374
2020-04-22,98468726
2020-04-23,71159386
2020-04-24,50682958
2020-04-25,45735820
2020-04-26,31420642
2020-04-27,41928660
2020-04-28,41715026
2020-04-29,40688255
2020-04-30,44169654
2020-05-01,44054396
2020-05-02,43222998
2020-05-03,30733756
2020-05-04,40459134
2020-05-05,40280332
2020-05-06,44325868
2020-05-07,45339047
2020-05-08,41369660
2020-05-09,43230824
2020-05-10,31588292
2020-05-11,41789904
2020-05-12,42660226
2020-05-13,44117538
2020-05-14,45513058
2020-05-15,48196920
2020-05-16,49059374
2020-05-17,33037316
2020-05-18,44179112
2020-05-19,46244290
2020-05-20,47060708
2020-05-21,50942134
2020-05-22,53199352
2020-05-23,58090872
2020-05-24,36173722
2020-05-25,42997588
2020-05-26,47245190
2020-05-27,48078894
2020-05-28,51043650
2020-05-29,51876958
2020-05-30,50039966
2020-05-31,33969314
2020-06-01,46621298
2020-06-02,44169704
2020-06-03,48320650
2020-06-04,49865712
2020-06-05,50861708
2020-06-06,52135388
2020-06-07,35121746
2020-06-08,45771348
2020-06-09,43993836
2020-06-10,48856058
2020-06-11,50276022
2020-06-12,53647688
2020-06-13,51977524
2020-06-14,34820316
2020-06-15,49199412
2020-06-16,50858620
2020-06-17,58633238
2020-06-18,64525004
2020-06-19,66316860
2020-06-20,63594556
2020-06-21,40900748
2020-06-22,51324772
2020-06-23,51347718
2020-06-24,51779232
2020-06-25,52318722
2020-06-26,58290536
2020-06-27,58773780
2020-06-28,40387880
2020-06-29,49549668
2020-06-30,48188624
2020-07-01,49697426
2020-07-02,52143960
2020-07-03,57735446
2020-07-04,56286976
2020-07-05,36478318
2020-07-06,49893156
2020-07-07,48586218
2020-07-08,54035908
2020-07-09,58784174
2020-07-10,60738700
2020-07-11,59780218
2020-07-12,38293354
2020-07-13,55026240
2020-07-14,53755226
2020-07-15,57615902
2020-07-16,60649786
2020-07-17,61988784
2020-07-18,62239206
2020-07-19,43429400
2020-07-20,56060622
2020-07-21,55048114
2020-07-22,56545934
2020-07-23,62684724
2020-07-24,58768950
2020-07-25,63530134
2020-07-26,41136966
2020-07-27,57093038
2020-07-28,54928678
2020-07-29,57918453
2020-07-30,63637684
2020-07-31,60610778
2020-08-01,63776346
2020-08-02,43628374
2020-08-03,59547058
2020-08-04,60272188
2020-08-05,58441832
2020-08-06,59472917
2020-08-07,60041414
2020-08-08,62582142
2020-08-09,43269516
2020-08-10,58415722
2020-08-11,55559426
2020-08-12,56397099
2020-08-13,61789678
2020-08-14,66349292
2020-08-15,65463428
2020-08-16,45186868
2020-08-17,58212704
2020-08-18,55175798
2020-08-19,55750816
2020-08-20,62008228
2020-08-21,69752906
2020-08-22,73318804
2020-08-23,48013422
2020-08-24,59991144
2020-08-25,57662468
2020-08-26,65108554
2020-08-27,70950756
2020-08-28,75240472
2020-08-29,75437354
2020-08-30,48843778
2020-08-31,58837490
2020-09-01,57709414
2020-09-02,58373378
2020-09-03,62001844
2020-09-04,65562702
2020-09-05,69552894
2020-09-06,47280742
2020-09-07,56134928
2020-09-08,54956470
2020-09-09,54781080
2020-09-10,59158282
2020-09-11,66128178
2020-09-12,72198914
2020-09-13,44841678
2020-09-14,53546510
2020-09-15,51284138
2020-09-16,54045490
2020-09-17,62264950
2020-09-18,73123466
2020-09-19,67873832
2020-09-20,51194992
2020-09-21,63252114
2020-09-22,61493520
2020-09-23,67989610
2020-09-24,66613780
2020-09-25,72680484
2020-09-26,77341772
2020-09-27,53368391
2020-09-28,62403822
2020-09-29,55603974
2020-09-30,55939548
2020-10-01,60038766
2020-10-02,62361680
2020-10-03,70114416
2020-10-04,50085062
2020-10-05,55445400
2020-10-06,53941794
2020-10-07,54683362
2020-10-08,59942218
2020-10-09,64351716
2020-10-10,69546130
2020-10-11,44880180
2020-10-12,55629270
2020-10-13,50904180
2020-10-14,64497054
2020-10-15,64359312
2020-10-16,68495520
2020-10-17,72222128
2020-10-18,50001138
2020-10-19,58343509
2020-10-20,65615991
2020-10-21,67023106
2020-10-22,70745425
2020-10-23,86550249
2020-10-24,87501102
2020-10-25,60637294
2020-10-26,74393942
2020-10-27,63252426
2020-10-28,265193464
2020-10-29,208876283
2020-10-30,151225152
2020-10-31,155637906
2020-11-01,131822544
2020-11-02,165290830
2020-11-03,162135994
2020-11-04,76175590
2020-11-05,60963476
2020-11-06,71038434
2020-11-07,75785694
2020-11-08,57658386
2020-11-09,65316668
2020-11-10,65790330
2020-11-11,899856318
2020-11-12,502967837
2020-11-13,438673640
2020-11-14,509942004
2020-11-15,304927258
2020-11-16,374264154
2020-11-17,301653476
2020-11-18,86631965
2020-11-19,97936585
2020-11-20,137997048
2020-11-21,136458989
2020-11-22,93059209
2020-11-23,126165538
2020-11-24,115117532
2020-11-25,127050436
2020-11-26,134920872
2020-11-27,194182714
2020-11-28,162643928
2020-11-29,113122113
2020-11-30,149527316
2020-12-01,149682534
2020-12-02,161101028
2020-12-03,174137268
2020-12-04,187683205
2020-12-05,191652268
2020-12-06,134528714
2020-12-07,189421906
2020-12-08,194898826
2020-12-09,220751895
2020-12-10,262724988
2020-12-11,322021822
2020-12-12,317899800
2020-12-13,222226568
2020-12-14,300686554
2020-12-15,313463942
2020-12-16,359254617
2020-12-17,464944564
2020-12-18,573041147
2020-12-19,649764424
2020-12-20,446243793
2020-12-21,1176271304
2020-12-22,1168729637
2020-12-23,857487618
2020-12-24,341433872
2020-12-25,11340200
2020-12-26,87652805
2020-12-27,121830240
2020-12-28,162899657
2020-12-29,187214866
2020-12-30,228592822
2020-12-31,182980685
2021-01-01,75612014
2021-01-02,155516280
2021-01-03,96505274
2021-01-04,128073930
2021-01-05,113638690
2021-01-06,106013535
2021-01-07,109273310
2021-01-08,114176788
2021-01-09,125286812
2021-01-10,78180436
2021-01-11,86194989
2021-01-12,80239077
2021-01-13,80634586
2021-01-14,80500726
2021-01-15,96210292
2021-01-16,101321649
2021-01-17,65759422
2021-01-18,78659865
2021-01-19,72926744
2021-01-20,74260110
2021-01-21,80790761
2021-01-22,89750570
2021-01-23,98019178
2021-01-24,60955996
2021-01-25,147868779
2021-01-26,99490168
2021-01-27,89612855
2021-01-28,87363706
2021-01-29,93348970
2021-01-30,103453389
2021-01-31,68300614
2021-02-01,120905950
2021-02-02,75916646
2021-02-03,97610378
2021-02-04,88756511
2021-02-05,96026500
2021-02-06,105222024
2021-02-07,68025772
2021-02-08,102288128
2021-02-09,75784696
2021-02-10,88604765
2021-02-11,94084878
2021-02-12,108167501
2021-02-13,115258930
2021-02-14,76873618
2021-02-15,100194900
2021-02-16,83434324
2021-02-17,84955479
2021-02-18,91361404
2021-02-19,100303965
2021-02-20,107466079
2021-02-21,71194324
2021-02-22,91649743
2021-02-23,80208116
2021-02-24,87250626
2021-02-25,88841265
2021-02-26,94878318
2021-02-27,99791938
2021-02-28,70890354
2021-03-01,91022322
2021-03-02,80907269
2021-03-03,92589558
2021-03-04,90229117
2021-03-05,100970538
2021-03-06,105336612
2021-03-07,69959292
2021-03-08,81460230
2021-03-09,77060296
2021-03-10,85521344
2021-03-11,90180474
2021-03-12,107279379
2021-03-13,115229266
2021-03-14,61799470
2021-03-15,87276410
2021-03-16,78844412
2021-03-17,78509690
2021-03-18,87503135
2021-03-19,96474195
2021-03-20,101159036
2021-03-21,65860744
2021-03-22,84628112
2021-03-23,76715724
2021-03-24,86532044
2021-03-25,91205240
2021-03-26,108230490
2021-03-27,110850212
2021-03-28,87324406
2021-03-29,108126658
2021-03-30,100769808
2021-03-31,116520792
2021-04-01,136706488
2021-04-02,123179386
2021-04-03,112402518
2021-04-04,29682414
2021-04-05,93425409
2021-04-06,80190798
2021-04-07,75888732
2021-04-08,87162210
2021-04-09,84316449
2021-04-10,93524356
2021-04-11,62982939
2021-04-12,82535094
2021-04-13,74306782
2021-04-14,77919472
2021-04-15,85015559
2021-04-16,91027458
2021-04-17,86813848
2021-04-18,63077832
2021-04-19,82687481
2021-04-20,74404814
2021-04-21,78207238
2021-04-22,82894725
2021-04-23,89834230
2021-04-24,94711964
2021-04-25,65867489
2021-04-26,88012196
2021-04-27,81734285
2021-04-28,83648803
2021-04-29,94835578
2021-04-30,98328330
2021-05-01,102249878
2021-05-02,63292966
2021-05-03,91507568
2021-05-04,76672662
2021-05-05,79573950
2021-05-06,82223508
2021-05-07,109119122
2021-05-08,111641590
2021-05-09,69917258
2021-05-10,91641408
2021-05-11,77949172
2021-05-12,77699834
2021-05-13,84528286
2021-05-14,90113533
2021-05-15,98587816
2021-05-16,63776644
2021-05-17,77651624
2021-05-18,72387541
2021-05-19,75554188
2021-05-20,81343292
2021-05-21,87466672
2021-05-22,92615469
2021-05-23,62140578
2021-05-24,80711614
2021-05-25,74628656
2021-05-26,85502125
2021-05-27,95594164
2021-05-28,107249343
2021-05-29,103433164
2021-05-30,67222428
2021-05-31,86632438
2021-06-01,83660711
2021-06-02,82758820
2021-06-03,84674016
2021-06-04,89824800
2021-06-05,90048564
2021-06-06,60802386
2021-06-07,76207519
2021-06-08,75291543
2021-06-09,79182288
2021-06-10,84935745
2021-06-11,92904071
2021-06-12,94820285
2021-06-13,62889641
2021-06-14,89113727
2021-06-15,74676555
2021-06-16,80073109
2021-06-17,90924369
2021-06-18,98977502
2021-06-19,101240613
2021-06-20,64481756
2021-06-21,80478458
2021-06-22,74571468
2021-06-23,75824023
2021-06-24,82376957
2021-06-25,88960022
2021-06-26,93862318
2021-06-27,64992758
2021-06-28,76964908
2021-06-29,67050544
2021-06-30,73678150
2021-07-01,80442624
2021-07-02,89826540
2021-07-03,90923918
2021-07-04,62954590
2021-07-05,85714394
2021-07-06,71013168
2021-07-07,73390646
2021-07-08,78631407
2021-07-09,92357423
2021-07-10,96415938
2021-07-11,62775708
2021-07-12,84019802
2021-07-13,79115808
2021-07-14,77582202
2021-07-15,83125140
2021-07-16,95314974
2021-07-17,94069180
2021-07-18,65580098
2021-07-19,92332580
2021-07-20,76442488
2021-07-21,78601316
2021-07-22,87339204
2021-07-23,85829790
2021-07-24,86184458
2021-07-25,58368932
2021-07-26,81119841
2021-07-27,69115280
2021-07-28,75535994
2021-07-29,74707916
2021-07-30,83662410
2021-07-31,79405282
2021-08-01,52280332
2021-08-02,75210596
2021-08-03,66274568
2021-08-04,67638678
2021-08-05,75783216
2021-08-06,82269128
2021-08-07,83052442
2021-08-08,61777432
2021-08-09,75723224
2021-08-10,77374368
2021-08-11,73909834
2021-08-12,84407570
2021-08-13,88216162
2021-08-14,87577218
2021-08-15,60949422
2021-08-16,85327076
2021-08-17,75596262
2021-08-18,76066686
2021-08-19,82708376
2021-08-20,86142738
2021-08-21,91316040
2021-08-22,62854866
2021-08-23,83540794
2021-08-24,71340800
2021-08-25,77607182
2021-08-26,82463866
2021-08-27,90603224
2021-08-28,83745430
2021-08-29,56257518
2021-08-30,81264250
2021-08-31,74712676
2021-09-01,73367262
2021-09-02,75966016
2021-09-03,79731280
2021-09-04,84550902
2021-09-05,56633426
2021-09-06,72996410
2021-09-07,62337206
2021-09-08,63060564
2021-09-09,70198752
2021-09-10,78313940
2021-09-11,82591356
2021-09-12,58207430
2021-09-13,74433196
2021-09-14,66112502
2021-09-15,68529032
2021-09-16,69776896
2021-09-17,80656084
2021-09-18,86546078
2021-09-19,66159512
2021-09-20,85399728
2021-09-21,72908098
2021-09-22,78218462
2021-09-23,82909854
2021-09-24,87950101
2021-09-25,90031712
2021-09-26,63991760
2021-09-27,77369722
2021-09-28,69607050
2021-09-29,80641692
2021-09-30,84512136
2021-10-01,91592470
2021-10-02,95369388
2021-10-03,63518036
2021-10-04,82242128
2021-10-05,67909174
2021-10-06,69607794
2021-10-07,72702534
2021-10-08,81224450
2021-10-09,88070382
2021-10-10,62099228
2021-10-11,79121712
2021-10-12,71632964
2021-10-13,71580358
2021-10-14,77548642
2021-10-15,83434091
2021-10-16,91207008
2021-10-17,66636269
2021-10-18,82638373
2021-10-19,72428597
2021-10-20,78251500
2021-10-21,87717619
2021-10-22,100935321
2021-10-23,107353804
2021-10-24,76490525
2021-10-25,97273292
2021-10-26,86525991
2021-10-27,86201174
2021-10-28,94209654
2021-10-29,103792804
2021-10-30,106113982
2021-10-31,75120982
2021-11-01,97376288
2021-11-02,85354578
2021-11-03,83971394
2021-11-04,88857162
2021-11-05,101238070
2021-11-06,101102108
2021-11-07,75429120
2021-11-08,93609960
2021-11-09,84439626
2021-11-10,113650288
2021-11-11,103434710
2021-11-12,115350853
2021-11-13,118028576
2021-11-14,84899393
2021-11-15,101392728
2021-11-16,99321670
2021-11-17,107279258
2021-11-18,117140855
2021-11-19,135485240
2021-11-20,138937276
2021-11-21,106088026
2021-11-22,129592012
2021-11-23,127682870
2021-11-24,173588440
2021-11-25,185884932
2021-11-26,243672112
2021-11-27,202523864
2021-11-28,149550572
2021-11-29,184519082
2021-11-30,177155588
2021-12-01,174306702
2021-12-02,193146624
2021-12-03,206912241
2021-12-04,206693088
2021-12-05,152878084
2021-12-06,202104660
2021-12-07,190025441
2021-12-08,214299466
2021-12-09,242981478
2021-12-10,284485054
2021-12-11,312769035
2021-12-12,208383129
2021-12-13,291490663
2021-12-14,299753654
2021-12-15,347348066
2021-12-16,433772551
2021-12-17,513282085
2021-12-18,573593618
2021-12-19,432912019
2021-12-20,726210894
2021-12-21,872616710
2021-12-22,1250930768
2021-12-23,1242767004
2021-12-24,458228938
2021-12-25,12688110
2021-12-26,34560854
2021-12-27,162677548
2021-12-28,172414732
2021-12-29,191114871
2021-12-30,231377740
2021-12-31,203777878
2022-01-01,85221376
2022-01-02,104886676
2022-01-03,137320070
2022-01-04,126735246
2022-01-05,120607206
2022-01-06,131105820
2022-01-07,143237406
2022-01-08,151598282
2022-01-09,95688364
2022-01-10,145668510
2022-01-11,95966672
2022-01-12,98728402
2022-01-13,107978562
2022-01-14,117940074
2022-01-15,128332756
2022-01-16,86344618
2022-01-17,98477525
2022-01-18,89396670
2022-01-19,89588202
2022-01-20,97315260
2022-01-21,110354510
2022-01-22,115783904
2022-01-23,78386643
2022-01-24,92899951
2022-01-25,84454058
2022-01-26,85817596
2022-01-27,92964880
2022-01-28,105264577
2022-01-29,106254670
2022-01-30,71742575
2022-01-31,121485267
2022-02-01,79806171
2022-02-02,81066470
2022-02-03,87400136
2022-02-04,92959692
2022-02-05,101217464
2022-02-06,69591068
2022-02-07,120498718
2022-02-08,75655536
2022-02-09,78545598
2022-02-10,90469728
2022-02-11,100493911
2022-02-12,117462754
2022-02-13,84816025
2022-02-14,113810056
2022-02-15,84081071
2022-02-16,87604029
2022-02-17,100872793
2022-02-18,83715485
2022-02-19,117557754
2022-02-20,79988739
2022-02-21,118891018
2022-02-22,89748946
2022-02-23,93529090
2022-02-24,97447008
2022-02-25,110107420
2022-02-26,113064528
2022-02-27,79181084
2022-02-28,110502082
2022-03-01,88476373
2022-03-02,90219736
2022-03-03,96462162
2022-03-04,110045504
2022-03-05,152097899
2022-03-06,84852848
2022-03-07,112348985
2022-03-08,91217925
2022-03-09,123908252
2022-03-10,108048125
2022-03-11,116657873
2022-03-12,118129200
2022-03-13,83930394
2022-03-14,101559295
2022-03-15,87079751
2022-03-16,86366182
2022-03-17,97119276
2022-03-18,102780844
2022-03-19,108036823
2022-03-20,77633499
2022-03-21,98120721
2022-03-22,88196777
2022-03-23,105186243
2022-03-24,135218700
2022-03-25,124274315
2022-03-26,128412027
2022-03-27,72483708
2022-03-28,95821946
2022-03-29,84834079
2022-03-30,83725492
2022-03-31,88952932
2022-04-01,103103206
2022-04-02,107264667
2022-04-03,73850476
2022-04-04,120472632
2022-04-05,86770725
2022-04-06,95231570
2022-04-07,102045143
2022-04-08,115136758
2022-04-09,127954946
2022-04-10,89850592
2022-04-11,122621322
2022-04-12,116221685
2022-04-13,127895785
2022-04-14,153796064
2022-04-15,196097984
2022-04-16,151936571
2022-04-17,38957420
2022-04-18,126925929
2022-04-19,110651252
2022-04-20,103398010
2022-04-21,109978002
2022-04-22,122573492
2022-04-23,125064933
2022-04-24,82656152
2022-04-25,90626238
2022-04-26,99755404
2022-04-27,108603170
2022-04-28,150052301
2022-04-29,123619490
2022-04-30,143506735
2022-05-01,94343836
2022-05-02,114603755
2022-05-03,96585388
2022-05-04,87428022
2022-05-05,83338234
2022-05-06,92718082
2022-05-07,99564558
2022-05-08,66740740
2022-05-09,91068765
2022-05-10,78665082
2022-05-11,81144410
2022-05-12,86658616
2022-05-13,97294986
2022-05-14,102987546
2022-05-15,74102682
2022-05-16,91527023
2022-05-17,78437698
2022-05-18,82586013
2022-05-19,93553154
2022-05-20,102482389
2022-05-21,109372870
2022-05-22,76560138
2022-05-23,93824933
2022-05-24,85147772
2022-05-25,86892384
2022-05-26,94581074
2022-05-27,100383352
2022-05-28,104992920
2022-05-29,78575164
2022-05-30,109940386
2022-05-31,105825298
2022-06-01,118512157
2022-06-02,116025888
2022-06-03,101601642
2022-06-04,115421224
2022-06-05,78340796
2022-06-06,95150388
2022-06-07,78405594
2022-06-08,83480321
2022-06-09,88100636
2022-06-10,93141226
2022-06-11,103648658
2022-06-12,77338464
2022-06-13,91928658
2022-06-14,80951212
2022-06-15,88858842
2022-06-16,95072205
2022-06-17,99598596
2022-06-18,115219330
2022-06-19,75000674
2022-06-20,92593492
2022-06-21,81856415
2022-06-22,84987054
2022-06-23,89689363
2022-06-24,100555170
2022-06-25,107218504
2022-06-26,78681046
2022-06-27,88708435
2022-06-28,76183594
2022-06-29,75874405
2022-06-30,82349432
2022-07-01,95184938
2022-07-02,99161751
2022-07-03,69659460
2022-07-04,85248152
2022-07-05,108288774
2022-07-06,77846652
2022-07-07,84973624
2022-07-08,96448344
2022-07-09,100006301
2022-07-10,73331396
2022-07-11,109745876
2022-07-12,84505964
2022-07-13,84504108
2022-07-14,86009119
2022-07-15,100242712
2022-07-16,107019928
2022-07-17,74533272
2022-07-18,88953168
2022-07-19,70132874
2022-07-20,84465125
2022-07-21,86050880
2022-07-22,94548888
2022-07-23,96743428
2022-07-24,68522132
2022-07-25,92416200
2022-07-26,75103246
2022-07-27,81808954
2022-07-28,90406872
2022-07-29,93749168
2022-07-30,95299014
2022-07-31,67773112
2022-08-01,91943237
2022-08-02,74213418
2022-08-03,76327527
2022-08-04,80954902
2022-08-05,87457688
2022-08-06,86749217
2022-08-07,64637396
2022-08-08,87656920
2022-08-09,78769208
2022-08-10,109978564
2022-08-11,84938370
2022-08-12,92349982
2022-08-13,91679492
2022-08-14,66269282
2022-08-15,95361982
2022-08-16,78608658
2022-08-17,80159382
2022-08-18,84601432
2022-08-19,88836026
2022-08-20,93626464
2022-08-21,64858082
2022-08-22,87516360
2022-08-23,74727594
2022-08-24,83125965
2022-08-25,90116381
2022-08-26,103303016
2022-08-27,109500678
2022-08-28,73376556
2022-08-29,92130264
2022-08-30,79149235
2022-08-31,75536876
2022-09-01,78481612
2022-09-02,87348866
2022-09-03,94288351
2022-09-04,69406928
2022-09-05,84508190
2022-09-06,74279478
2022-09-07,74812614
2022-09-08,78418656
2022-09-09,84877606
2022-09-10,93019150
2022-09-11,65663262
2022-09-12,82426924
2022-09-13,71622515
2022-09-14,73755307
2022-09-15,84324051
2022-09-16,95583403
2022-09-17,104097089
2022-09-18,77779509
2022-09-19,28407907
2022-09-20,87828522
2022-09-21,80942719
2022-09-22,87210968
2022-09-23,103464334
2022-09-24,106166369
2022-09-25,72259612
2022-09-26,90875965
2022-09-27,463896
